<?xml version="1.0"?>
<family>
<parent>id="grandfather"
    <parent>id="father"
         <parent>id="brother"
            <child>id="niece"
            </child>
         </parent>
         <parent>id="me"
            <child>id="son"</child>
            <child>id="daughter"</child>
         </parent>
         <child>id="sister"</child>
     </parent>
     <parent>id="uncle"
         <parent>id="cousin sister"
            <child>id="second cousin"</child>
         </parent>
         <child>id="cousin brother"</child>
     </parent>
</parent>
</family>